               epoch,      train/box_loss,      train/obj_loss,      train/cls_loss,   metrics/precision,      metrics/recall,     metrics/mAP_0.5,metrics/mAP_0.5:0.95,        val/box_loss,        val/obj_loss,        val/cls_loss,               x/lr0,               x/lr1,               x/lr2
                   0,             0.12118,            0.023297,                   0,          0.00020833,              0.0625,          0.00018244,          3.6487e-05,             0.11227,            0.016628,                   0,               0.091,               0.001,               0.001
                   1,              0.1139,            0.021518,                   0,          0.00020833,              0.0625,           0.0001111,           3.333e-05,             0.10072,             0.01388,                   0,            0.081091,           0.0020906,           0.0020906
                   2,             0.10621,            0.019704,                   0,           0.0010417,              0.3125,          0.00096265,          0.00014408,            0.092122,            0.012052,                   0,            0.071171,           0.0031712,           0.0031712
                   3,            0.099975,            0.020997,                   0,           0.0010417,              0.3125,          0.00080895,          0.00017444,            0.087488,            0.011382,                   0,            0.061242,           0.0042419,           0.0042419
                   4,            0.092002,            0.021423,                   0,           0.0014583,              0.4375,           0.0024938,          0.00058218,            0.077126,            0.011055,                   0,            0.051303,           0.0053028,           0.0053028
                   5,            0.086442,            0.021968,                   0,              0.0025,                0.75,           0.0066197,           0.0012552,            0.069576,            0.011059,                   0,            0.041354,           0.0063537,           0.0063537
                   6,             0.08372,            0.020908,                   0,           0.0027083,              0.8125,             0.02177,           0.0057702,            0.072041,            0.010083,                   0,            0.031395,           0.0073948,           0.0073948
                   7,            0.083089,            0.020427,                   0,           0.0029167,               0.875,            0.062826,            0.015715,            0.066307,            0.010078,                   0,            0.021426,           0.0084259,           0.0084259
                   8,            0.082203,            0.019245,                   0,           0.0029167,               0.875,            0.061016,            0.015273,            0.084268,           0.0084061,                   0,            0.011447,           0.0094472,           0.0094472
                   9,            0.077366,            0.020624,                   0,           0.0033333,                   1,             0.17558,            0.037318,            0.069055,           0.0094141,                   0,            0.009595,            0.009595,            0.009595
                  10,            0.080622,            0.019363,                   0,            0.003125,              0.9375,            0.077336,            0.018734,            0.065171,           0.0093821,                   0,            0.009595,            0.009595,            0.009595
                  11,            0.072567,            0.021357,                   0,            0.003125,              0.9375,               0.206,            0.047243,            0.061368,           0.0092859,                   0,             0.00955,             0.00955,             0.00955
                  12,            0.068316,            0.019909,                   0,           0.0031881,              0.9375,             0.16835,            0.047399,            0.060362,           0.0088827,                   0,            0.009505,            0.009505,            0.009505
                  13,            0.067422,            0.020308,                   0,             0.16238,                 0.5,             0.19943,            0.065862,            0.052311,           0.0092045,                   0,             0.00946,             0.00946,             0.00946
                  14,            0.064777,            0.020653,                   0,             0.45246,               0.375,             0.32747,             0.11158,            0.052965,           0.0085543,                   0,            0.009415,            0.009415,            0.009415
                  15,            0.068165,             0.01949,                   0,             0.26653,                0.25,             0.17134,            0.051539,            0.057904,           0.0080082,                   0,             0.00937,             0.00937,             0.00937
                  16,            0.063137,             0.01993,                   0,             0.29093,              0.3125,             0.19315,            0.056485,            0.058879,           0.0077065,                   0,            0.009325,            0.009325,            0.009325
                  17,            0.062589,             0.02096,                   0,             0.51607,               0.375,             0.44141,             0.23011,            0.040492,           0.0085022,                   0,             0.00928,             0.00928,             0.00928
                  18,            0.056834,            0.019901,                   0,             0.62062,             0.30739,             0.42928,             0.15663,            0.055764,           0.0073833,                   0,            0.009235,            0.009235,            0.009235
                  19,            0.061202,            0.018848,                   0,             0.96798,               0.375,             0.57135,             0.31988,            0.041054,           0.0077879,                   0,             0.00919,             0.00919,             0.00919
                  20,              0.0565,            0.017934,                   0,             0.48724,              0.6875,             0.61005,             0.31376,            0.040524,           0.0076611,                   0,            0.009145,            0.009145,            0.009145
                  21,            0.058466,            0.019106,                   0,              0.4969,             0.67935,             0.59677,             0.31504,            0.043349,           0.0072565,                   0,              0.0091,              0.0091,              0.0091
                  22,            0.054928,            0.017718,                   0,             0.54345,              0.6875,             0.70451,             0.34354,            0.038031,           0.0071377,                   0,            0.009055,            0.009055,            0.009055
                  23,            0.052791,            0.017492,                   0,             0.78054,             0.66787,             0.73184,             0.35313,            0.038755,           0.0070976,                   0,             0.00901,             0.00901,             0.00901
                  24,            0.053448,            0.017391,                   0,             0.67915,               0.625,             0.70968,             0.41595,            0.042342,           0.0067972,                   0,            0.008965,            0.008965,            0.008965
                  25,            0.052934,             0.01639,                   0,             0.61409,              0.6875,             0.76029,             0.42222,            0.036717,           0.0072392,                   0,             0.00892,             0.00892,             0.00892
                  26,            0.049039,            0.016442,                   0,             0.93088,              0.5625,             0.75127,             0.42771,            0.039537,           0.0070322,                   0,            0.008875,            0.008875,            0.008875
                  27,            0.051706,             0.01448,                   0,             0.85277,                 0.5,             0.70144,             0.39798,            0.042367,           0.0068319,                   0,             0.00883,             0.00883,             0.00883
                  28,            0.051104,            0.015538,                   0,             0.64032,              0.6684,             0.72616,             0.39015,            0.044825,           0.0069174,                   0,            0.008785,            0.008785,            0.008785
                  29,            0.049329,            0.015762,                   0,             0.95958,               0.625,             0.77972,             0.46539,            0.038011,           0.0065662,                   0,             0.00874,             0.00874,             0.00874
                  30,             0.04669,            0.015524,                   0,             0.90874,               0.625,             0.81458,             0.40788,            0.040788,           0.0067785,                   0,            0.008695,            0.008695,            0.008695
                  31,            0.052056,            0.016552,                   0,             0.64542,               0.875,             0.78713,              0.4722,            0.034848,           0.0063353,                   0,             0.00865,             0.00865,             0.00865
                  32,            0.047667,            0.014946,                   0,             0.86468,             0.79945,             0.87965,             0.46763,            0.037214,           0.0057852,                   0,            0.008605,            0.008605,            0.008605
                  33,            0.047114,            0.013104,                   0,             0.90238,                0.75,              0.8538,             0.51609,             0.03066,           0.0059547,                   0,             0.00856,             0.00856,             0.00856
                  34,            0.046047,            0.014559,                   0,             0.78151,               0.625,             0.74763,             0.29254,             0.03682,           0.0058426,                   0,            0.008515,            0.008515,            0.008515
                  35,            0.045509,            0.012251,                   0,             0.69456,             0.85348,             0.86209,              0.4859,            0.035465,            0.005438,                   0,             0.00847,             0.00847,             0.00847
                  36,            0.043577,            0.015393,                   0,             0.65631,                0.75,             0.79148,              0.4186,            0.035722,           0.0057999,                   0,            0.008425,            0.008425,            0.008425
                  37,            0.045054,            0.013529,                   0,             0.81675,                0.75,             0.85665,             0.49316,            0.033684,           0.0055088,                   0,             0.00838,             0.00838,             0.00838
                  38,            0.042682,            0.012872,                   0,             0.66094,             0.85352,             0.82088,             0.41816,            0.032893,           0.0056343,                   0,            0.008335,            0.008335,            0.008335
                  39,            0.044073,            0.012843,                   0,             0.77395,              0.8567,             0.83043,             0.47874,            0.034713,           0.0054741,                   0,             0.00829,             0.00829,             0.00829
                  40,            0.041538,            0.012634,                   0,              0.7002,              0.8125,             0.84856,             0.47992,            0.031399,           0.0055382,                   0,            0.008245,            0.008245,            0.008245
                  41,            0.041214,            0.012909,                   0,              0.6657,             0.87137,             0.78935,             0.47575,            0.031384,           0.0057291,                   0,              0.0082,              0.0082,              0.0082
                  42,            0.042224,            0.012697,                   0,                   1,             0.60582,             0.84356,              0.4547,            0.033896,           0.0052858,                   0,            0.008155,            0.008155,            0.008155
                  43,            0.045346,            0.013871,                   0,             0.73204,             0.85447,             0.86612,             0.50726,            0.033113,           0.0053473,                   0,             0.00811,             0.00811,             0.00811
                  44,             0.04479,             0.01152,                   0,             0.89146,              0.6875,             0.85705,              0.5431,            0.030712,           0.0054661,                   0,            0.008065,            0.008065,            0.008065
                  45,            0.041238,            0.011946,                   0,                   1,             0.72435,             0.88996,             0.58033,            0.028051,           0.0051189,                   0,             0.00802,             0.00802,             0.00802
                  46,            0.041283,            0.013164,                   0,             0.62606,               0.875,             0.78401,             0.47295,            0.031997,           0.0050776,                   0,            0.007975,            0.007975,            0.007975
                  47,            0.039166,            0.010979,                   0,             0.64668,             0.80123,             0.78326,             0.51334,            0.028463,           0.0054153,                   0,             0.00793,             0.00793,             0.00793
                  48,            0.038186,             0.01189,                   0,             0.61041,             0.88157,             0.81589,             0.54023,            0.031697,           0.0052792,                   0,            0.007885,            0.007885,            0.007885
                  49,            0.038722,            0.011825,                   0,             0.73513,              0.6875,             0.79567,             0.50943,            0.030714,            0.005657,                   0,             0.00784,             0.00784,             0.00784
                  50,            0.038512,            0.011273,                   0,             0.78688,             0.92365,             0.89161,             0.54112,            0.029782,           0.0048265,                   0,            0.007795,            0.007795,            0.007795
                  51,            0.040769,            0.011331,                   0,             0.92416,              0.9375,             0.95036,             0.62935,            0.024482,           0.0042444,                   0,             0.00775,             0.00775,             0.00775
                  52,            0.040705,            0.010393,                   0,             0.85513,              0.9375,             0.94571,             0.57593,            0.027901,           0.0043225,                   0,            0.007705,            0.007705,            0.007705
                  53,            0.041269,            0.012032,                   0,             0.85521,               0.875,             0.88394,             0.59193,            0.026772,           0.0048052,                   0,             0.00766,             0.00766,             0.00766
                  54,            0.036329,            0.012309,                   0,             0.84028,             0.98698,             0.93086,             0.60999,            0.028176,           0.0043993,                   0,            0.007615,            0.007615,            0.007615
                  55,            0.037435,             0.01112,                   0,             0.86225,              0.9375,             0.92043,             0.56799,            0.027547,           0.0044821,                   0,             0.00757,             0.00757,             0.00757
                  56,            0.037995,            0.011277,                   0,             0.82272,             0.87039,             0.89618,             0.52281,            0.033769,           0.0043479,                   0,            0.007525,            0.007525,            0.007525
                  57,            0.040399,            0.011597,                   0,              0.8443,                0.75,             0.86759,             0.60127,            0.026538,           0.0048452,                   0,             0.00748,             0.00748,             0.00748
                  58,            0.036248,             0.01102,                   0,             0.81286,                0.75,             0.91061,              0.6193,            0.027258,           0.0045535,                   0,            0.007435,            0.007435,            0.007435
                  59,            0.034377,           0.0098301,                   0,             0.90207,              0.9375,              0.9331,             0.56264,            0.029826,           0.0043272,                   0,             0.00739,             0.00739,             0.00739
                  60,            0.035139,            0.010324,                   0,             0.86937,             0.83279,             0.94067,             0.55789,            0.027908,           0.0041476,                   0,            0.007345,            0.007345,            0.007345
                  61,            0.036984,            0.010624,                   0,             0.87255,             0.85663,             0.89529,              0.5765,            0.027037,           0.0044701,                   0,              0.0073,              0.0073,              0.0073
                  62,            0.034735,            0.010294,                   0,             0.78612,              0.9375,             0.90097,             0.61375,             0.02963,           0.0044667,                   0,            0.007255,            0.007255,            0.007255
                  63,            0.037893,            0.011128,                   0,             0.93748,              0.8125,             0.95749,             0.62474,            0.028132,           0.0042871,                   0,             0.00721,             0.00721,             0.00721
                  64,            0.038327,            0.011489,                   0,             0.83938,              0.9375,             0.96065,             0.64881,            0.025131,           0.0041016,                   0,            0.007165,            0.007165,            0.007165
                  65,            0.037695,            0.010255,                   0,             0.79525,             0.97179,             0.93115,             0.58601,            0.026722,           0.0044527,                   0,             0.00712,             0.00712,             0.00712
                  66,            0.033911,            0.010285,                   0,             0.71699,                   1,             0.91898,             0.60254,            0.025858,           0.0044333,                   0,            0.007075,            0.007075,            0.007075
                  67,            0.034753,            0.010786,                   0,             0.89236,              0.9375,             0.96521,             0.58216,            0.028423,            0.004145,                   0,             0.00703,             0.00703,             0.00703
                  68,            0.034983,           0.0097002,                   0,             0.89614,              0.9375,             0.98083,             0.61466,            0.028795,           0.0040982,                   0,            0.006985,            0.006985,            0.006985
                  69,            0.036931,           0.0096369,                   0,             0.78497,                   1,             0.90025,               0.601,            0.024823,           0.0043265,                   0,             0.00694,             0.00694,             0.00694
                  70,            0.032961,            0.010234,                   0,             0.92111,              0.7308,             0.91963,             0.59877,            0.028232,           0.0042925,                   0,            0.006895,            0.006895,            0.006895
                  71,            0.035179,            0.010354,                   0,             0.97248,               0.625,             0.83818,              0.5821,            0.026617,           0.0046316,                   0,             0.00685,             0.00685,             0.00685
                  72,            0.036781,           0.0097498,                   0,             0.70859,              0.8125,             0.80956,             0.54942,            0.024946,           0.0051897,                   0,            0.006805,            0.006805,            0.006805
                  73,            0.036396,             0.01032,                   0,             0.78758,              0.8125,              0.8062,             0.54321,             0.02643,           0.0050789,                   0,             0.00676,             0.00676,             0.00676
                  74,            0.035814,            0.010324,                   0,             0.83124,              0.9375,             0.91013,              0.6033,            0.025251,           0.0041777,                   0,            0.006715,            0.006715,            0.006715
                  75,            0.036285,            0.010678,                   0,             0.91077,              0.8125,             0.93607,             0.63239,            0.024991,            0.004151,                   0,             0.00667,             0.00667,             0.00667
                  76,            0.033627,            0.010325,                   0,             0.92353,              0.8125,             0.96321,             0.64556,             0.02548,           0.0040902,                   0,            0.006625,            0.006625,            0.006625
                  77,             0.03358,            0.009973,                   0,             0.93506,             0.90092,             0.97113,             0.68408,            0.024656,           0.0039153,                   0,             0.00658,             0.00658,             0.00658
                  78,            0.033083,           0.0095169,                   0,             0.83908,                   1,             0.97205,             0.69436,            0.022295,           0.0037711,                   0,            0.006535,            0.006535,            0.006535
                  79,            0.030594,           0.0088017,                   0,             0.97894,                0.75,             0.93285,             0.61963,            0.025031,           0.0040602,                   0,             0.00649,             0.00649,             0.00649
                  80,            0.035483,            0.010058,                   0,              0.8217,             0.86465,             0.93472,             0.63525,            0.025378,           0.0040261,                   0,            0.006445,            0.006445,            0.006445
                  81,            0.034739,           0.0093346,                   0,             0.78942,                   1,             0.95675,              0.6132,            0.025912,           0.0037464,                   0,              0.0064,              0.0064,              0.0064
                  82,            0.035179,           0.0094095,                   0,             0.91965,              0.9375,             0.96442,             0.62841,            0.027662,           0.0037524,                   0,            0.006355,            0.006355,            0.006355
                  83,            0.031005,            0.010262,                   0,             0.91205,              0.9375,             0.93575,             0.59698,            0.024359,           0.0040949,                   0,             0.00631,             0.00631,             0.00631
                  84,            0.033845,           0.0087797,                   0,              0.9101,               0.875,             0.94351,             0.70867,            0.024374,           0.0039807,                   0,            0.006265,            0.006265,            0.006265
                  85,            0.034894,            0.010186,                   0,             0.82255,              0.9375,             0.91515,             0.63585,            0.023837,           0.0041984,                   0,             0.00622,             0.00622,             0.00622
                  86,            0.033341,           0.0093413,                   0,             0.79596,              0.8125,             0.89571,             0.58957,             0.02595,           0.0044247,                   0,            0.006175,            0.006175,            0.006175
                  87,            0.032395,            0.009094,                   0,             0.78969,             0.93879,             0.93752,             0.62056,            0.025823,           0.0040328,                   0,             0.00613,             0.00613,             0.00613
                  88,            0.031939,           0.0090324,                   0,             0.91057,              0.8125,             0.93707,             0.64534,            0.025196,           0.0039974,                   0,            0.006085,            0.006085,            0.006085
                  89,            0.034223,           0.0096609,                   0,             0.98524,              0.8125,             0.94974,             0.62798,            0.023556,            0.003908,                   0,             0.00604,             0.00604,             0.00604
                  90,            0.031276,           0.0085933,                   0,              0.9939,              0.8125,             0.96071,             0.63428,            0.026522,           0.0038299,                   0,            0.005995,            0.005995,            0.005995
                  91,            0.030753,           0.0080505,                   0,             0.99148,              0.8125,             0.96114,             0.64221,            0.024496,           0.0037504,                   0,             0.00595,             0.00595,             0.00595
                  92,            0.031397,           0.0096145,                   0,             0.99154,              0.8125,             0.95864,             0.68072,            0.023641,           0.0038873,                   0,            0.005905,            0.005905,            0.005905
                  93,            0.032691,           0.0080617,                   0,             0.92767,               0.875,             0.95497,             0.64447,            0.024688,           0.0037638,                   0,             0.00586,             0.00586,             0.00586
                  94,            0.031978,           0.0092206,                   0,                   1,             0.85822,             0.96077,             0.54896,            0.027741,            0.003946,                   0,            0.005815,            0.005815,            0.005815
                  95,             0.03112,           0.0085943,                   0,             0.91858,              0.9375,              0.9675,              0.6568,            0.023432,           0.0038192,                   0,             0.00577,             0.00577,             0.00577
                  96,            0.033027,           0.0091719,                   0,             0.93856,             0.95555,             0.98794,             0.65674,            0.023819,           0.0036403,                   0,            0.005725,            0.005725,            0.005725
                  97,            0.031446,           0.0087793,                   0,             0.93975,                   1,             0.99147,             0.65386,            0.023791,           0.0036383,                   0,             0.00568,             0.00568,             0.00568
                  98,            0.029479,           0.0095426,                   0,             0.88703,             0.98218,             0.98083,             0.66152,            0.023281,           0.0035007,                   0,            0.005635,            0.005635,            0.005635
                  99,            0.029362,           0.0091817,                   0,             0.98808,              0.9375,             0.98071,             0.64697,            0.024426,           0.0034387,                   0,             0.00559,             0.00559,             0.00559
                 100,            0.030572,            0.008326,                   0,             0.88166,             0.93162,             0.96452,             0.59701,            0.027276,           0.0035221,                   0,            0.005545,            0.005545,            0.005545
                 101,            0.029582,           0.0083196,                   0,             0.83679,             0.96211,             0.96855,             0.66617,             0.02328,           0.0034954,                   0,              0.0055,              0.0055,              0.0055
                 102,            0.029526,           0.0084631,                   0,             0.91382,               0.875,             0.96671,             0.67843,            0.023489,           0.0033692,                   0,            0.005455,            0.005455,            0.005455
                 103,            0.027716,           0.0090358,                   0,             0.88331,                   1,             0.97271,             0.67119,            0.024201,           0.0032905,                   0,             0.00541,             0.00541,             0.00541
                 104,            0.031427,           0.0079139,                   0,             0.87447,                   1,                0.97,              0.6485,            0.024839,           0.0034353,                   0,            0.005365,            0.005365,            0.005365
                 105,            0.031059,           0.0089292,                   0,             0.84594,              0.9375,              0.9698,             0.65351,            0.023701,           0.0036036,                   0,             0.00532,             0.00532,             0.00532
                 106,             0.02797,           0.0085234,                   0,                   1,             0.93268,             0.98833,             0.68753,            0.023798,           0.0033198,                   0,            0.005275,            0.005275,            0.005275
                 107,            0.028614,           0.0077441,                   0,              0.8874,                   1,             0.98167,             0.71346,            0.021903,           0.0033419,                   0,             0.00523,             0.00523,             0.00523
                 108,            0.028112,           0.0080825,                   0,             0.93044,                   1,             0.97676,             0.67056,            0.022577,           0.0032804,                   0,            0.005185,            0.005185,            0.005185
                 109,            0.030224,           0.0087854,                   0,             0.92124,                   1,             0.97676,             0.67515,            0.022652,           0.0033979,                   0,             0.00514,             0.00514,             0.00514
                 110,            0.028864,           0.0081156,                   0,              0.8318,                   1,              0.9436,             0.66695,            0.023729,           0.0036189,                   0,            0.005095,            0.005095,            0.005095
                 111,            0.029722,           0.0098686,                   0,             0.83337,                   1,             0.94125,             0.65977,            0.021854,            0.003663,                   0,             0.00505,             0.00505,             0.00505
                 112,            0.029183,           0.0092913,                   0,             0.84061,                   1,              0.9618,             0.65306,            0.023686,           0.0035461,                   0,            0.005005,            0.005005,            0.005005
                 113,            0.030232,           0.0095659,                   0,             0.88349,                   1,             0.95633,             0.69871,            0.022944,           0.0034767,                   0,             0.00496,             0.00496,             0.00496
                 114,            0.026659,           0.0086463,                   0,             0.88885,                   1,             0.97324,             0.69524,            0.024504,           0.0037711,                   0,            0.004915,            0.004915,            0.004915
                 115,            0.027447,           0.0085673,                   0,             0.81677,                   1,             0.96641,              0.7228,            0.021507,           0.0036356,                   0,             0.00487,             0.00487,             0.00487
                 116,            0.032168,           0.0078606,                   0,              0.8594,              0.9375,             0.96065,             0.68552,            0.021539,           0.0036269,                   0,            0.004825,            0.004825,            0.004825
                 117,            0.029614,           0.0070833,                   0,             0.78145,              0.9375,             0.93619,             0.65957,            0.023229,           0.0037064,                   0,             0.00478,             0.00478,             0.00478
                 118,            0.025397,           0.0076185,                   0,             0.87985,             0.91623,             0.95491,             0.65573,            0.023083,           0.0037918,                   0,            0.004735,            0.004735,            0.004735
                 119,            0.027359,           0.0078148,                   0,             0.87449,              0.9375,             0.97594,             0.68493,            0.021692,           0.0036176,                   0,             0.00469,             0.00469,             0.00469
                 120,            0.026667,           0.0085174,                   0,             0.83652,             0.96023,             0.97141,             0.68717,             0.02159,            0.003462,                   0,            0.004645,            0.004645,            0.004645
                 121,            0.028707,           0.0076471,                   0,              0.9935,              0.8125,              0.9655,             0.70137,            0.021665,           0.0034413,                   0,              0.0046,              0.0046,              0.0046
                 122,            0.024055,           0.0082873,                   0,                   1,             0.81181,             0.95098,             0.64503,            0.023241,            0.003689,                   0,            0.004555,            0.004555,            0.004555
                 123,            0.029254,           0.0085298,                   0,             0.98171,              0.8125,             0.94222,             0.63438,            0.022998,           0.0036156,                   0,             0.00451,             0.00451,             0.00451
                 124,            0.025858,           0.0081836,                   0,             0.97296,              0.8125,             0.95098,             0.66717,            0.022623,           0.0035615,                   0,            0.004465,            0.004465,            0.004465
                 125,            0.026684,            0.008531,                   0,             0.88119,              0.9375,             0.96327,             0.66307,            0.023804,             0.00346,                   0,             0.00442,             0.00442,             0.00442
                 126,            0.029653,           0.0089636,                   0,             0.93632,             0.91986,               0.948,              0.6408,            0.024175,            0.003458,                   0,            0.004375,            0.004375,            0.004375
                 127,            0.027261,           0.0071114,                   0,             0.92206,              0.8125,             0.94615,             0.63834,             0.02391,           0.0038125,                   0,             0.00433,             0.00433,             0.00433
                 128,            0.027098,           0.0078275,                   0,             0.83206,             0.92936,              0.9493,             0.63202,            0.024398,           0.0038733,                   0,            0.004285,            0.004285,            0.004285
                 129,            0.027497,           0.0091038,                   0,             0.77906,                   1,             0.95541,              0.6616,            0.023813,           0.0035461,                   0,             0.00424,             0.00424,             0.00424
                 130,            0.025132,            0.008269,                   0,             0.91827,              0.8125,             0.95114,             0.64148,             0.02317,           0.0035128,                   0,            0.004195,            0.004195,            0.004195
                 131,            0.028571,           0.0084775,                   0,             0.82085,              0.9375,              0.9495,             0.65731,            0.023638,           0.0037264,                   0,             0.00415,             0.00415,             0.00415
                 132,            0.028245,           0.0077296,                   0,             0.87672,              0.9375,              0.9455,             0.64754,            0.024203,           0.0037257,                   0,            0.004105,            0.004105,            0.004105
                 133,            0.027314,           0.0084967,                   0,             0.87623,              0.9375,             0.94321,             0.65839,            0.023801,           0.0037144,                   0,             0.00406,             0.00406,             0.00406
                 134,            0.027647,           0.0085723,                   0,             0.86736,              0.9375,             0.94374,              0.6325,            0.023622,           0.0037451,                   0,            0.004015,            0.004015,            0.004015
                 135,            0.025819,           0.0073615,                   0,             0.84757,              0.9375,             0.94755,             0.69258,            0.022867,           0.0035722,                   0,             0.00397,             0.00397,             0.00397
                 136,            0.024876,           0.0080308,                   0,             0.93641,             0.92111,             0.95868,             0.70197,            0.022942,           0.0033586,                   0,            0.003925,            0.003925,            0.003925
                 137,            0.025671,           0.0082206,                   0,             0.92359,               0.875,             0.95597,             0.68225,            0.023855,           0.0033285,                   0,             0.00388,             0.00388,             0.00388
                 138,            0.025936,           0.0067652,                   0,             0.87562,              0.9375,              0.9516,             0.67237,            0.022203,            0.003414,                   0,            0.003835,            0.003835,            0.003835
                 139,             0.02329,           0.0068732,                   0,              0.9074,               0.875,             0.94399,             0.66627,            0.021712,           0.0035201,                   0,             0.00379,             0.00379,             0.00379
                 140,            0.025221,           0.0079447,                   0,             0.86969,             0.83517,             0.93558,             0.65437,             0.02231,           0.0035528,                   0,            0.003745,            0.003745,            0.003745
                 141,            0.028003,             0.00819,                   0,             0.88148,              0.9375,              0.9482,             0.68659,            0.021684,           0.0033479,                   0,              0.0037,              0.0037,              0.0037
                 142,            0.025541,           0.0080047,                   0,              0.9617,               0.875,             0.97594,             0.67669,            0.022762,           0.0032885,                   0,            0.003655,            0.003655,            0.003655
                 143,            0.026927,           0.0080729,                   0,             0.86449,              0.9375,             0.96966,             0.66512,            0.022533,           0.0033072,                   0,             0.00361,             0.00361,             0.00361
                 144,            0.026664,           0.0082622,                   0,             0.87132,              0.9375,              0.9666,             0.68318,            0.021969,           0.0032504,                   0,            0.003565,            0.003565,            0.003565
                 145,             0.02482,           0.0071667,                   0,             0.83921,             0.97938,             0.96641,             0.70598,            0.021697,           0.0032851,                   0,             0.00352,             0.00352,             0.00352
                 146,            0.026401,            0.008333,                   0,              0.8245,                   1,             0.94925,              0.6758,            0.021749,            0.003217,                   0,            0.003475,            0.003475,            0.003475
                 147,            0.023321,           0.0079309,                   0,             0.79805,                   1,              0.9523,             0.69201,            0.022861,           0.0032704,                   0,             0.00343,             0.00343,             0.00343
                 148,            0.025083,           0.0072135,                   0,             0.88798,              0.9913,             0.96056,             0.67494,            0.022721,           0.0033445,                   0,            0.003385,            0.003385,            0.003385
                 149,             0.02916,           0.0086239,                   0,             0.87361,              0.9375,             0.95611,             0.67798,            0.022314,           0.0033813,                   0,             0.00334,             0.00334,             0.00334
                 150,             0.02503,           0.0077678,                   0,             0.87424,              0.9375,             0.91818,             0.67328,            0.021519,           0.0034554,                   0,            0.003295,            0.003295,            0.003295
                 151,            0.024069,           0.0078496,                   0,             0.88039,              0.9375,             0.93933,             0.67703,            0.021566,           0.0033479,                   0,             0.00325,             0.00325,             0.00325
                 152,            0.025161,           0.0079984,                   0,             0.82887,                   1,             0.93596,             0.66633,            0.021444,           0.0034353,                   0,            0.003205,            0.003205,            0.003205
                 153,            0.025898,           0.0079927,                   0,              0.8737,             0.86526,             0.92269,             0.66755,            0.021895,           0.0037798,                   0,             0.00316,             0.00316,             0.00316
                 154,            0.023881,            0.007945,                   0,             0.85833,              0.8125,             0.89071,             0.64619,            0.022555,           0.0042484,                   0,            0.003115,            0.003115,            0.003115
                 155,            0.024026,            0.007114,                   0,             0.82457,             0.88165,             0.92267,             0.65847,            0.022822,           0.0042611,                   0,             0.00307,             0.00307,             0.00307
                 156,            0.024008,           0.0078308,                   0,             0.87139,               0.875,             0.92221,             0.67085,             0.02232,           0.0040301,                   0,            0.003025,            0.003025,            0.003025
                 157,            0.024875,           0.0080796,                   0,             0.92002,              0.8125,             0.94901,              0.6945,             0.02208,           0.0038105,                   0,             0.00298,             0.00298,             0.00298
                 158,            0.023803,           0.0071152,                   0,              0.9369,              0.8125,             0.94789,             0.71037,            0.021075,           0.0037965,                   0,            0.002935,            0.002935,            0.002935
                 159,            0.024055,           0.0070755,                   0,             0.90103,              0.8125,             0.93758,             0.67629,            0.022485,           0.0038839,                   0,             0.00289,             0.00289,             0.00289
                 160,            0.023594,           0.0078205,                   0,              0.9034,               0.875,             0.95197,             0.68451,            0.022793,           0.0036042,                   0,            0.002845,            0.002845,            0.002845
                 161,            0.022169,           0.0068068,                   0,             0.88819,             0.99333,             0.95214,             0.68846,            0.022957,           0.0034447,                   0,              0.0028,              0.0028,              0.0028
                 162,            0.023406,           0.0071801,                   0,             0.88777,             0.98931,             0.94338,             0.67713,            0.023064,           0.0033746,                   0,            0.002755,            0.002755,            0.002755
                 163,            0.022867,           0.0067959,                   0,             0.86622,              0.9375,             0.95527,             0.67939,            0.023235,           0.0033646,                   0,             0.00271,             0.00271,             0.00271
                 164,            0.025754,           0.0080843,                   0,              0.9255,               0.875,             0.93741,             0.67057,            0.023032,           0.0033959,                   0,            0.002665,            0.002665,            0.002665
                 165,            0.024494,           0.0077803,                   0,             0.90822,               0.875,             0.93719,             0.64802,            0.023356,           0.0035395,                   0,             0.00262,             0.00262,             0.00262
                 166,            0.024032,           0.0072633,                   0,             0.84734,               0.875,             0.92078,             0.63151,            0.023009,           0.0037571,                   0,            0.002575,            0.002575,            0.002575
                 167,            0.024016,           0.0070052,                   0,             0.81816,               0.875,             0.91667,             0.62073,            0.022918,           0.0038439,                   0,             0.00253,             0.00253,             0.00253
                 168,            0.022834,           0.0074618,                   0,             0.93088,             0.84285,             0.93704,             0.65734,            0.022181,           0.0036136,                   0,            0.002485,            0.002485,            0.002485
                 169,            0.022149,           0.0064347,                   0,              0.8739,             0.86674,             0.92642,             0.66254,            0.022171,           0.0035688,                   0,             0.00244,             0.00244,             0.00244
                 170,            0.023161,           0.0071717,                   0,             0.86949,               0.875,             0.93052,             0.64989,             0.02227,           0.0036309,                   0,            0.002395,            0.002395,            0.002395
                 171,            0.021502,           0.0067371,                   0,             0.86249,               0.875,             0.93638,              0.6652,            0.022184,           0.0035588,                   0,             0.00235,             0.00235,             0.00235
                 172,            0.020664,           0.0072375,                   0,             0.90621,              0.8125,             0.93519,             0.67155,            0.022199,           0.0035341,                   0,            0.002305,            0.002305,            0.002305
                 173,            0.022061,           0.0071762,                   0,             0.88041,               0.921,             0.95103,             0.69495,            0.021218,           0.0033766,                   0,             0.00226,             0.00226,             0.00226
                 174,             0.02119,           0.0064988,                   0,             0.87502,              0.9375,             0.95303,             0.67243,            0.021763,           0.0033826,                   0,            0.002215,            0.002215,            0.002215
                 175,            0.022918,           0.0072467,                   0,             0.84056,             0.98899,              0.9618,             0.69947,            0.021668,           0.0034213,                   0,             0.00217,             0.00217,             0.00217
                 176,            0.023282,           0.0061393,                   0,              0.8815,             0.93028,             0.94859,             0.68644,            0.022138,           0.0035295,                   0,            0.002125,            0.002125,            0.002125
                 177,            0.021371,           0.0070188,                   0,             0.88181,             0.93286,              0.9578,             0.69154,            0.022082,           0.0035054,                   0,             0.00208,             0.00208,             0.00208
                 178,            0.021305,           0.0064301,                   0,             0.88861,             0.99731,               0.961,              0.6771,            0.022533,           0.0033265,                   0,            0.002035,            0.002035,            0.002035
                 179,            0.021923,           0.0071637,                   0,             0.88419,                   1,             0.95714,             0.67349,            0.022691,           0.0032297,                   0,             0.00199,             0.00199,             0.00199
                 180,            0.020597,           0.0077111,                   0,             0.87931,                   1,             0.95714,              0.6923,            0.021982,           0.0031783,                   0,            0.001945,            0.001945,            0.001945
                 181,            0.022638,           0.0068904,                   0,             0.88882,             0.99937,             0.95338,             0.69826,             0.02172,           0.0031843,                   0,              0.0019,              0.0019,              0.0019
                 182,            0.022604,           0.0074027,                   0,             0.83938,                   1,             0.94933,             0.71818,            0.021494,           0.0031429,                   0,            0.001855,            0.001855,            0.001855
                 183,            0.020877,           0.0068243,                   0,             0.84031,                   1,             0.94394,             0.71919,            0.020961,           0.0031803,                   0,             0.00181,             0.00181,             0.00181
                 184,             0.01991,           0.0062165,                   0,             0.83767,                   1,             0.94394,             0.69388,            0.021218,            0.003225,                   0,            0.001765,            0.001765,            0.001765
                 185,             0.02151,           0.0071216,                   0,             0.83344,                   1,             0.94394,             0.70613,            0.021312,           0.0033172,                   0,             0.00172,             0.00172,             0.00172
                 186,            0.021697,           0.0075707,                   0,             0.83191,                   1,             0.94394,              0.6861,            0.021526,           0.0033993,                   0,            0.001675,            0.001675,            0.001675
                 187,            0.022876,           0.0067353,                   0,             0.87301,              0.9375,             0.94603,             0.69785,             0.02226,           0.0035074,                   0,             0.00163,             0.00163,             0.00163
                 188,            0.022724,           0.0065762,                   0,             0.87898,              0.9375,             0.94603,             0.69991,            0.021798,           0.0035882,                   0,            0.001585,            0.001585,            0.001585
                 189,            0.020861,           0.0067777,                   0,             0.88202,             0.93465,             0.95299,              0.6801,            0.021213,           0.0036463,                   0,             0.00154,             0.00154,             0.00154
                 190,             0.02251,           0.0069075,                   0,             0.88131,             0.92864,             0.93358,              0.6864,            0.021138,           0.0037971,                   0,            0.001495,            0.001495,            0.001495
                 191,            0.022276,           0.0074545,                   0,             0.88077,             0.92406,             0.92668,             0.68246,              0.0214,           0.0038913,                   0,             0.00145,             0.00145,             0.00145
                 192,            0.019545,           0.0060969,                   0,             0.88088,             0.92499,             0.92975,             0.66728,            0.021443,           0.0038512,                   0,            0.001405,            0.001405,            0.001405
                 193,            0.024264,           0.0078382,                   0,             0.88037,             0.92063,             0.92845,             0.67179,            0.021944,           0.0038646,                   0,             0.00136,             0.00136,             0.00136
                 194,            0.021562,           0.0064879,                   0,             0.87466,             0.87244,             0.91622,              0.6674,            0.021731,           0.0039587,                   0,            0.001315,            0.001315,            0.001315
                 195,             0.02052,            0.006714,                   0,             0.87494,             0.87452,             0.91852,             0.66659,            0.021721,           0.0039707,                   0,             0.00127,             0.00127,             0.00127
                 196,            0.019123,           0.0060756,                   0,             0.87328,               0.875,             0.91542,             0.66675,            0.021712,           0.0040395,                   0,            0.001225,            0.001225,            0.001225
                 197,            0.021754,           0.0063054,                   0,             0.87249,               0.875,             0.91512,             0.66338,             0.02173,           0.0039968,                   0,             0.00118,             0.00118,             0.00118
                 198,            0.020167,            0.005867,                   0,             0.86833,               0.875,             0.93061,             0.66059,            0.021902,           0.0038299,                   0,            0.001135,            0.001135,            0.001135
                 199,            0.020554,           0.0070441,                   0,             0.88125,             0.92812,             0.94438,             0.68084,            0.021537,            0.003657,                   0,             0.00109,             0.00109,             0.00109
